Workbook

Sheet Input_Data
A1: State | B1: Herbicides (kg/1000kg lint) | C1: Insecticides (kg/1000kg lint) | D1: Phosphoric Acid (kg/1000kg lint) | E1: Potassium Oxide (kg/1000kg lint) | F1: Calcium Carbonate (kg/1000kg lint) | G1: N Fertilizer (kg/1000kg lint) | H1: Diesel (L/1000kg lint) | I1: N2O Emission (kg/1000kg lint) | J1: Irrigation Water (m³/1000kg lint)_year 2023 surveyed | K1: Electricity (kWh/1000kg lint) | L1: Irrigation Water (m³/1000kg lint)_year 2049 predicted ssp1 | M1: Irrigation Water (m³/1000kg lint)_year 2049 predicted ssp2 | N1: Irrigation Water (m³/1000kg lint)_year 2049 predicted ssp3 | O1: Irrigation Water (m³/1000kg lint)_year 2049 predicted ssp5
A2: Alabama | B2: 3.17 | C2: 0.28 | D2: 39.84 | E2: 77.03 | F2: 1.59 | G2: 95.03 | H2: 33.7 | I2: 3 | J2: 111.78591 | K2: 414.1 | L2: 138.44547 | M2: 87.221583 | N2: 226.42741 | O2: 295.37128
A3: Arizona | B3: 1.44 | C3: 0.18 | D3: 10.04 | E3: 1.11 | F3: 0.36 | G3: 101.74 | H3: 95.6 | I3: 0.9 | J3: 7132.1244 | K3: 1101.1 | L3: 7479.5278 | M3: 7108.3016 | N3: 6587.1359 | O3: 7519.9288
A4: Arkansas | B4: 2.52 | C4: 1.2 | D4: 31.98 | E4: 60.66 | F4: 2.16 | G4: 102.31 | H4: 71 | I4: 3.2 | J4: 1435.7417 | K4: 490.4 | L4: 243.22213 | M4: 308.11912 | N4: 262.04391 | O4: 347.22384
A5: California | B5: 1.27 | C5: 0.47 | D5: 4.18 | E5: 8.47 | F5: 1.29 | G5: 65.76 | H5: 94.9 | I5: 0.6 | J5: 5342.918 | K5: 574.3 | L5: 5546.4264 | M5: 3916.329 | N5: 3287.6264 | O5: 4549.8249
A6: Florida | B6: 3.9 | C6: 0.7 | D6: 30.96 | E6: 41.49 | F6: 1.46 | G6: 86.91 | H6: 110.2 | I6: 2.7 | J6: 344.35488 | K6: 463.1 | L6: 152.16403 | M6: 123.72256 | N6: 301.68985 | O6: 65.797105
A7: Georgia | B7: 2.78 | C7: 0.3 | D7: 44.54 | E7: 78.25 | F7: 1.61 | G7: 87.57 | H7: 56.4 | I7: 2.8 | J7: 446.11614 | K7: 741.2 | L7: 22.778145 | M7: 25.705776 | N7: 198.9978 | O7: 128.57411
A8: Kansas | B8: 3.9 | C8: 0.7 | D8: 30.96 | E8: 41.49 | F8: 1.46 | G8: 86.91 | H8: 101.3 | I8: 0.8 | J8: 480.09456 | K8: 1172.8 | L8: 2466.6516 | M8: 2327.3463 | N8: 1947.4505 | O8: 1918.091
A9: Louisiana | B9: 3.82 | C9: 1.46 | D9: 34.16 | E9: 55.66 | F9: 1.74 | G9: 70.38 | H9: 82.4 | I9: 2.2 | J9: 444.19466 | K9: 523.5 | L9: 426.2864 | M9: 410.68114 | N9: 325.27265 | O9: 476.34834
A10: Mississippi | B10: 3.29 | C10: 1.4 | D10: 19.98 | E10: 57.2 | F10: 1.52 | G10: 87.44 | H10: 77.5 | I10: 2.8 | J10: 463.41946 | K10: 465.7 | L10: 346.10931 | M10: 299.74243 | N10: 337.54053 | O10: 464.424
A11: Missouri | B11: 2.11 | C11: 0.91 | D11: 29.6 | E11: 48.89 | F11: 2.26 | G11: 77.92 | H11: 93.8 | I11: 2.5 | J11: 651.56859 | K11: 746.2 | L11: 1225.7594 | M11: 901.65977 | N11: 507.31806 | O11: 458.03389
A12: New Mexico | B12: 3.9 | C12: 0.7 | D12: 30.96 | E12: 41.49 | F12: 1.46 | G12: 86.91 | H12: 199.9 | I12: 0.8 | J12: 3962.1673 | K12: 2082.1 | L12: 5836.9578 | M12: 5353.5148 | N12: 5252.7614 | O12: 5590.1014
A13: North Carolina | B13: 3.3 | C13: 0.57 | D13: 21.92 | E13: 72.02 | F13: 1.48 | G13: 74.65 | H13: 75.5 | I13: 2.4 | J13: 28.744973 | K13: 994.9 | L13: 105.53895 | M13: 47.038759 | N13: 256.52441 | O13: 324.8084
... A18: Virginia | B18: 3.9 | C18: 0.7 | D18: 30.96 | E18: 41.49 | F18: 1.46 | G18: 86.91 | H18: 48.7 | I18: 2.7 | J18: 1.7033495 | K18: 677.9 | L18: 14.112364 | M18: 8.6338977 | N18: 64.782868 | O18: 203.26587

Sheet Input_Data_Electrified
A1: State | B1: Herbicides (kg/1000kg lint) | C1: Insecticides (kg/1000kg lint) | D1: Phosphoric Acid (kg/1000kg lint) | E1: Potassium Oxide (kg/1000kg lint) | F1: Calcium Carbonate (kg/1000kg lint) | G1: N Fertilizer (kg/1000kg lint) | H1: Diesel (L/1000kg lint) | I1: N2O Emission (kg/1000kg lint) | J1: Irrigation Water (m³/1000kg lint)_year 2023 surveyed | K1: Electricity (kWh/1000kg lint) | L1: Irrigation Water (m³/1000kg lint)_year 2049 predicted ssp1 | M1: Irrigation Water (m³/1000kg lint)_year 2049 predicted ssp2 | N1: Irrigation Water (m³/1000kg lint)_year 2049 predicted ssp3 | O1: Irrigation Water (m³/1000kg lint)_year 2049 predicted ssp5
A2: Alabama | B2: 3.17 | C2: 0.28 | D2: 39.84 | E2: 77.03 | F2: 1.59 | G2: 95.03 | H2: 0 | I2: 3 | J2: 111.78591 | K2: 562.38 | L2: 138.44547 | M2: 87.221583 | N2: 226.42741 | O2: 295.37128
A3: Arizona | B3: 1.44 | C3: 0.18 | D3: 10.04 | E3: 1.11 | F3: 0.36 | G3: 101.74 | H3: 0 | I3: 0.9 | J3: 7132.1244 | K3: 1521.74 | L3: 7479.5278 | M3: 7108.3016 | N3: 6587.1359 | O3: 7519.9288
A4: Arkansas | B4: 2.52 | C4: 1.2 | D4: 31.98 | E4: 60.66 | F4: 2.16 | G4: 102.31 | H4: 0 | I4: 3.2 | J4: 1435.7417 | K4: 802.8 | L4: 243.22213 | M4: 308.11912 | N4: 262.04391 | O4: 347.22384
A5: California | B5: 1.27 | C5: 0.47 | D5: 4.18 | E5: 8.47 | F5: 1.29 | G5: 65.76 | H5: 0 | I5: 0.6 | J5: 5342.918 | K5: 991.86 | L5: 5546.4264 | M5: 3916.329 | N5: 3287.6264 | O5: 4549.8249
A6: Florida | B6: 3.9 | C6: 0.7 | D6: 30.96 | E6: 41.49 | F6: 1.46 | G6: 86.91 | H6: 0 | I6: 2.7 | J6: 344.35488 | K6: 947.98 | L6: 152.16403 | M6: 123.72256 | N6: 301.68985 | O6: 65.797105
A7: Georgia | B7: 2.78 | C7: 0.3 | D7: 44.54 | E7: 78.25 | F7: 1.61 | G7: 87.57 | H7: 0 | I7: 2.8 | J7: 446.11614 | K7: 989.36 | L7: 22.778145 | M7: 25.705776 | N7: 198.9978 | O7: 128.57411
A8: Kansas | B8: 3.9 | C8: 0.7 | D8: 30.96 | E8: 41.49 | F8: 1.46 | G8: 86.91 | H8: 0 | I8: 0.8 | J8: 480.09456 | K8: 1618.52 | L8: 2466.6516 | M8: 2327.3463 | N8: 1947.4505 | O8: 1918.091
A9: Louisiana | B9: 3.82 | C9: 1.46 | D9: 34.16 | E9: 55.66 | F9: 1.74 | G9: 70.38 | H9: 0 | I9: 2.2 | J9: 444.19466 | K9: 886.06 | L9: 426.2864 | M9: 410.68114 | N9: 325.27265 | O9: 476.34834
A10: Mississippi | B10: 3.29 | C10: 1.4 | D10: 19.98 | E10: 57.2 | F10: 1.52 | G10: 87.44 | H10: 0 | I10: 2.8 | J10: 463.41946 | K10: 806.7 | L10: 346.10931 | M10: 299.74243 | N10: 337.54053 | O10: 464.424
A11: Missouri | B11: 2.11 | C11: 0.91 | D11: 29.6 | E11: 48.89 | F11: 2.26 | G11: 77.92 | H11: 0 | I11: 2.5 | J11: 651.56859 | K11: 1158.92 | L11: 1225.7594 | M11: 901.65977 | N11: 507.31806 | O11: 458.03389
A12: New Mexico | B12: 3.9 | C12: 0.7 | D12: 30.96 | E12: 41.49 | F12: 1.46 | G12: 86.91 | H12: 0 | I12: 0.8 | J12: 3962.1673 | K12: 2961.66 | L12: 5836.9578 | M12: 5353.5148 | N12: 5252.7614 | O12: 5590.1014
A13: North Carolina | B13: 3.3 | C13: 0.57 | D13: 21.92 | E13: 72.02 | F13: 1.48 | G13: 74.65 | H13: 0 | I13: 2.4 | J13: 28.744973 | K13: 1327.1 | L13: 105.53895 | M13: 47.038759 | N13: 256.52441 | O13: 324.8084
... A18: Virginia | B18: 3.9 | C18: 0.7 | D18: 30.96 | E18: 41.49 | F18: 1.46 | G18: 86.91 | H18: 0 | I18: 2.7 | J18: 1.7033495 | K18: 892.18 | L18: 14.112364 | M18: 8.6338977 | N18: 64.782868 | O18: 203.26587

Sheet Impact_Factors
A1: Component | B1: Unit | C1: GHG (kg CO2-eq/unit) | D1: Energy Use (MJ/unit) | E1: Water Use (L/unit) | F1: Data Source
A2: Herbicides | B2: kg | C2: 24.51 | D2: 395 | E2: 67.74 | F2: GREET, MIX: FOR CORN STOVER
A3: Insecticides | B3: kg | C3: 20.9 | D3: 307 | E3: 38.91 | F3: GREET, INSECTICIDES PATHWAY
A4: Phosphoric Acid | B4: kg | C4: 1.15 | D4: 17 | E4: 36.81 | F4: GREET, PHOSPHORIC ACID
A5: Potassium Oxide | B5: kg | C5: 0.31 | D5: 7.13 | E5: 9.89 | F5: GREET, POTASSIUM OXIDE PRODUCTION IN BRAZIL
A6: Calcium Carbonate | B6: kg | C6: =9.49/1000 -> 0.00949 | D6: 0.12 | E6: 0.11 | F6: GREET, CACO3 AS FERTILIZER PRODUCTS
A7: N Fertilizer Production | B7: kg N | C7: 3.5 | D7: 55 | E7: 15.35 | F7: GREET, NITROGEN AVERAGE
A8: Diesel | B8: L | C8: 3.21 | D8: 42 | E8: 3 | F8: GREET, DIESEL FOR NON ROAD
A9: N2O Emission | B9: kg N2O | C9: 273 | D9: 0 | E9: 0 | F9: IPCC
A10: Irrigation Water | B10: m³ | C10: 0 | D10: 0 | E10: 1000 | F10: GREET, PRIMARY RESOURCE

Sheet State_Electricity_Factors
A1: State | B1: GHG Factor (kg CO2-eq/kWh) | C1: Energy Factor (MJ/kWh) | D1: Water Factor (L/kWh)
A2: Alabama | B2: 0.43 | C2: 7.3886633 | D2: 2.4453655
A3: Arizona | B3: 0.48 | C3: 7.4259281 | D3: 2.4503765
A4: Arkansas | B4: 0.6 | C4: 8.376445 | D4: 2.2429615
A5: California | B5: 0.25 | C5: 6.3351809 | D5: 4.4799563
A6: Florida | B6: 0.53 | C6: 8.5650474 | D6: 1.0749028
A7: Georgia | B7: 0.49 | C7: 7.841309 | D7: 1.6088865
A8: Kansas | B8: 0.47 | C8: 7.156586 | D8: 1.0929321
A9: Louisiana | B9: 0.58 | C9: 9.2084258 | D9: 1.3152639
A10: Mississippi | B10: 0.5 | C10: 8.3881492 | D10: 0.98288341
A11: Missouri | B11: 0.9 | C11: 9.867809 | D11: 1.9105423
A12: New Mexico | B12: 0.79 | C12: 9.620501 | D12: 1.3178857
A13: North Carolina | B13: 0.44 | C13: 7.2730207 | D13: 1.8462385
... A18: Virginia | B18: 0.39 | C18: 7.4165169 | D18: 1.4399712

Sheet Scenario_Definitions
A1: Scenario Name | B1: Description | C1: Other Changes
A2: Baseline | B2: Current practices | C2: None
A3: Pro Electricity | B3: Pro electricity: use 4.4 kwh electricity to replace 1 liter diesel | C3: None

Sheet Results_GHG_Breakdown
A1: State | B1: Herbicides (kg CO2/1000kg lint) | C1: Insecticides (kg CO2/1000kg lint) | D1: Phosphoric Acid (kg CO2/1000kg lint) | E1: Potassium Oxide (kg CO2/1000kg lint) | F1: Calcium Carbonate (kg CO2/1000kg lint) | G1: N Fertilizer (kg CO2/1000kg lint) | H1: Diesel (kg CO2/1000kg lint) | I1: N2O Emission (kg CO2/1000kg lint) | J1: Irrigation Water (kg CO2/1000kg lint)_year 2023 surveyed | K1: Electricity (kg CO2 /1000 kg cotton lint)
A2: Alabama | B2: {=Input_Data!$B2:$J2*TRANSPOSE(Impact_Factors!$C$2:$C$10)} -> 77.6967 | C2: 5.852 | D2: 45.816 | E2: 23.8793 | F2: 0.0150891 | G2: 332.605 | H2: 108.177 | I2: 819 | J2: 0 | K2: =Input_Data!K2*State_Electricity_Factors!B2 -> 178.063
A3: Arizona | B3: {=Input_Data!$B3:$J3*TRANSPOSE(Impact_Factors!$C$2:$C$10)} -> 35.2944 | C3: 3.762 | D3: 11.546 | E3: 0.3441 | F3: 0.0034164 | G3: 356.09 | H3: 306.876 | I3: 245.7 | J3: 0 | K3: =Input_Data!K3*State_Electricity_Factors!B3 -> 528.528
A4: Arkansas | B4: {=Input_Data!$B4:$J4*TRANSPOSE(Impact_Factors!$C$2:$C$10)} -> 61.7652 | C4: 25.08 | D4: 36.777 | E4: 18.8046 | F4: 0.0204984 | G4: 358.085 | H4: 227.91 | I4: 873.6 | J4: 0 | K4: =Input_Data!K4*State_Electricity_Factors!B4 -> 294.24
A5: California | B5: {=Input_Data!$B5:$J5*TRANSPOSE(Impact_Factors!$C$2:$C$10)} -> 31.1277 | C5: 9.823 | D5: 4.807 | E5: 2.6257 | F5: 0.0122421 | G5: 230.16 | H5: 304.629 | I5: 163.8 | J5: 0 | K5: =Input_Data!K5*State_Electricity_Factors!B5 -> 143.575
A6: Florida | B6: {=Input_Data!$B6:$J6*TRANSPOSE(Impact_Factors!$C$2:$C$10)} -> 95.589 | C6: 14.63 | D6: 35.604 | E6: 12.8619 | F6: 0.0138554 | G6: 304.185 | H6: 353.742 | I6: 737.1 | J6: 0 | K6: =Input_Data!K6*State_Electricity_Factors!B6 -> 245.443
A7: Georgia | B7: {=Input_Data!$B7:$J7*TRANSPOSE(Impact_Factors!$C$2:$C$10)} -> 68.1378 | C7: 6.27 | D7: 51.221 | E7: 24.2575 | F7: 0.0152789 | G7: 306.495 | H7: 181.044 | I7: 764.4 | J7: 0 | K7: =Input_Data!K7*State_Electricity_Factors!B7 -> 363.188
A8: Kansas | B8: {=Input_Data!$B8:$J8*TRANSPOSE(Impact_Factors!$C$2:$C$10)} -> 95.589 | C8: 14.63 | D8: 35.604 | E8: 12.8619 | F8: 0.0138554 | G8: 304.185 | H8: 325.173 | I8: 218.4 | J8: 0 | K8: =Input_Data!K8*State_Electricity_Factors!B8 -> 551.216
A9: Louisiana | B9: {=Input_Data!$B9:$J9*TRANSPOSE(Impact_Factors!$C$2:$C$10)} -> 93.6282 | C9: 30.514 | D9: 39.284 | E9: 17.2546 | F9: 0.0165126 | G9: 246.33 | H9: 264.504 | I9: 600.6 | J9: 0 | K9: =Input_Data!K9*State_Electricity_Factors!B9 -> 303.63
A10: Mississippi | B10: {=Input_Data!$B10:$J10*TRANSPOSE(Impact_Factors!$C$2:$C$10)} -> 80.6379 | C10: 29.26 | D10: 22.977 | E10: 17.732 | F10: 0.0144248 | G10: 306.04 | H10: 248.775 | I10: 764.4 | J10: 0 | K10: =Input_Data!K10*State_Electricity_Factors!B10 -> 232.85
A11: Missouri | B11: {=Input_Data!$B11:$J11*TRANSPOSE(Impact_Factors!$C$2:$C$10)} -> 51.7161 | C11: 19.019 | D11: 34.04 | E11: 15.1559 | F11: 0.0214474 | G11: 272.72 | H11: 301.098 | I11: 682.5 | J11: 0 | K11: =Input_Data!K11*State_Electricity_Factors!B11 -> 671.58
A12: New Mexico | B12: {=Input_Data!$B12:$J12*TRANSPOSE(Impact_Factors!$C$2:$C$10)} -> 95.589 | C12: 14.63 | D12: 35.604 | E12: 12.8619 | F12: 0.0138554 | G12: 304.185 | H12: 641.679 | I12: 218.4 | J12: 0 | K12: =Input_Data!K12*State_Electricity_Factors!B12 -> 1644.859
A13: North Carolina | B13: {=Input_Data!$B13:$J13*TRANSPOSE(Impact_Factors!$C$2:$C$10)} -> 80.883 | C13: 11.913 | D13: 25.208 | E13: 22.3262 | F13: 0.0140452 | G13: 261.275 | H13: 242.355 | I13: 655.2 | J13: 0 | K13: =Input_Data!K13*State_Electricity_Factors!B13 -> 437.756
... A18: Virginia | B18: {=Input_Data!$B18:$J18*TRANSPOSE(Impact_Factors!$C$2:$C$10)} -> 95.589 | C18: 14.63 | D18: 35.604 | E18: 12.8619 | F18: 0.0138554 | G18: 304.185 | H18: 156.327 | I18: 737.1 | J18: 0 | K18: =Input_Data!K18*State_Electricity_Factors!B18 -> 264.381
A20: pro-electricity
A21: State | B21: Herbicides (kg CO2/1000kg lint) | C21: Insecticides (kg CO2/1000kg lint) | D21: Phosphoric Acid (kg CO2/1000kg lint) | E21: Potassium Oxide (kg CO2/1000kg lint) | F21: Calcium Carbonate (kg CO2/1000kg lint) | G21: N Fertilizer (kg CO2/1000kg lint) | H21: Diesel (kg CO2/1000kg lint) | I21: N2O Emission (kg CO2/1000kg lint) | J21: Irrigation Water (kg CO2/1000kg lint)_year 2023 surveyed | K21: Electricity (kg CO2 /1000 kg cotton lint)
A22: Alabama | B22: {=Input_Data_Electrified!$B2:$J2*TRANSPOSE(Impact_Factors!$C$2:$C$10)} -> 77.6967 | C22: 5.852 | D22: 45.816 | E22: 23.8793 | F22: 0.0150891 | G22: 332.605 | H22: 0 | I22: 819 | J22: 0 | K22: =Input_Data_Electrified!K2*State_Electricity_Factors!B2 -> 241.8234
A23: Arizona | B23: {=Input_Data_Electrified!$B3:$J3*TRANSPOSE(Impact_Factors!$C$2:$C$10)} -> 35.2944 | C23: 3.762 | D23: 11.546 | E23: 0.3441 | F23: 0.0034164 | G23: 356.09 | H23: 0 | I23: 245.7 | J23: 0 | K23: =Input_Data_Electrified!K3*State_Electricity_Factors!B3 -> 730.4352
A24: Arkansas | B24: {=Input_Data_Electrified!$B4:$J4*TRANSPOSE(Impact_Factors!$C$2:$C$10)} -> 61.7652 | C24: 25.08 | D24: 36.777 | E24: 18.8046 | F24: 0.0204984 | G24: 358.085 | H24: 0 | I24: 873.6 | J24: 0 | K24: =Input_Data_Electrified!K4*State_Electricity_Factors!B4 -> 481.68
A25: California | B25: {=Input_Data_Electrified!$B5:$J5*TRANSPOSE(Impact_Factors!$C$2:$C$10)} -> 31.1277 | C25: 9.823 | D25: 4.807 | E25: 2.6257 | F25: 0.0122421 | G25: 230.16 | H25: 0 | I25: 163.8 | J25: 0 | K25: =Input_Data_Electrified!K5*State_Electricity_Factors!B5 -> 247.965
A26: Florida | B26: {=Input_Data_Electrified!$B6:$J6*TRANSPOSE(Impact_Factors!$C$2:$C$10)} -> 95.589 | C26: 14.63 | D26: 35.604 | E26: 12.8619 | F26: 0.0138554 | G26: 304.185 | H26: 0 | I26: 737.1 | J26: 0 | K26: =Input_Data_Electrified!K6*State_Electricity_Factors!B6 -> 502.4294
A27: Georgia | B27: {=Input_Data_Electrified!$B7:$J7*TRANSPOSE(Impact_Factors!$C$2:$C$10)} -> 68.1378 | C27: 6.27 | D27: 51.221 | E27: 24.2575 | F27: 0.0152789 | G27: 306.495 | H27: 0 | I27: 764.4 | J27: 0 | K27: =Input_Data_Electrified!K7*State_Electricity_Factors!B7 -> 484.7864
A28: Kansas | B28: {=Input_Data_Electrified!$B8:$J8*TRANSPOSE(Impact_Factors!$C$2:$C$10)} -> 95.589 | C28: 14.63 | D28: 35.604 | E28: 12.8619 | F28: 0.0138554 | G28: 304.185 | H28: 0 | I28: 218.4 | J28: 0 | K28: =Input_Data_Electrified!K8*State_Electricity_Factors!B8 -> 760.7044
A29: Louisiana | B29: {=Input_Data_Electrified!$B9:$J9*TRANSPOSE(Impact_Factors!$C$2:$C$10)} -> 93.6282 | C29: 30.514 | D29: 39.284 | E29: 17.2546 | F29: 0.0165126 | G29: 246.33 | H29: 0 | I29: 600.6 | J29: 0 | K29: =Input_Data_Electrified!K9*State_Electricity_Factors!B9 -> 513.9148
A30: Mississippi | B30: {=Input_Data_Electrified!$B10:$J10*TRANSPOSE(Impact_Factors!$C$2:$C$10)} -> 80.6379 | C30: 29.26 | D30: 22.977 | E30: 17.732 | F30: 0.0144248 | G30: 306.04 | H30: 0 | I30: 764.4 | J30: 0 | K30: =Input_Data_Electrified!K10*State_Electricity_Factors!B10 -> 403.35
A31: Missouri | B31: {=Input_Data_Electrified!$B11:$J11*TRANSPOSE(Impact_Factors!$C$2:$C$10)} -> 51.7161 | C31: 19.019 | D31: 34.04 | E31: 15.1559 | F31: 0.0214474 | G31: 272.72 | H31: 0 | I31: 682.5 | J31: 0 | K31: =Input_Data_Electrified!K11*State_Electricity_Factors!B11 -> 1043.028
A32: New Mexico | B32: {=Input_Data_Electrified!$B12:$J12*TRANSPOSE(Impact_Factors!$C$2:$C$10)} -> 95.589 | C32: 14.63 | D32: 35.604 | E32: 12.8619 | F32: 0.0138554 | G32: 304.185 | H32: 0 | I32: 218.4 | J32: 0 | K32: =Input_Data_Electrified!K12*State_Electricity_Factors!B12 -> 2339.7114
A33: North Carolina | B33: {=Input_Data_Electrified!$B13:$J13*TRANSPOSE(Impact_Factors!$C$2:$C$10)} -> 80.883 | C33: 11.913 | D33: 25.208 | E33: 22.3262 | F33: 0.0140452 | G33: 261.275 | H33: 0 | I33: 655.2 | J33: 0 | K33: =Input_Data_Electrified!K13*State_Electricity_Factors!B13 -> 583.924
... A38: Virginia | B38: {=Input_Data_Electrified!$B18:$J18*TRANSPOSE(Impact_Factors!$C$2:$C$10)} -> 95.589 | C38: 14.63 | D38: 35.604 | E38: 12.8619 | F38: 0.0138554 | G38: 304.185 | H38: 0 | I38: 737.1 | J38: 0 | K38: =Input_Data_Electrified!K18*State_Electricity_Factors!B18 -> 347.9502

Sheet Results_Energy_Breakdown
A1: State | B1: Herbicides (MJ/1000kg lint) | C1: Insecticides (MJ /1000kg lint) | D1: Phosphoric Acid (MJ/1000kg lint) | E1: Potassium Oxide (MJ/1000kg lint) | F1: Calcium Carbonate (MJ/1000kg lint) | G1: N Fertilizer (MJ/1000kg lint) | H1: Diesel (MJ/1000kg lint) | I1: N2O Emission (MJ/1000kg lint) | J1: Irrigation Water (MJ/1000kg lint)_year 2023 surveyed | K1: Electricity (MJ /1000 kg cotton lint)
A2: Alabama | B2: {=Input_Data!$B2:$J2*TRANSPOSE(Impact_Factors!$D$2:$D$10)} -> 1252.15 | C2: 85.96 | D2: 677.28 | E2: 549.2239 | F2: 0.1908 | G2: 5226.65 | H2: 1415.4 | I2: 0 | J2: 0 | K2: =Input_Data!K2*State_Electricity_Factors!C2 -> 3059.6455
A3: Arizona | B3: {=Input_Data!$B3:$J3*TRANSPOSE(Impact_Factors!$D$2:$D$10)} -> 568.8 | C3: 55.26 | D3: 170.68 | E3: 7.9143 | F3: 0.0432 | G3: 5595.7 | H3: 4015.2 | I3: 0 | J3: 0 | K3: =Input_Data!K3*State_Electricity_Factors!C3 -> 8176.6894
A4: Arkansas | B4: {=Input_Data!$B4:$J4*TRANSPOSE(Impact_Factors!$D$2:$D$10)} -> 995.4 | C4: 368.4 | D4: 543.66 | E4: 432.5058 | F4: 0.2592 | G4: 5627.05 | H4: 2982 | I4: 0 | J4: 0 | K4: =Input_Data!K4*State_Electricity_Factors!C4 -> 4107.8086
A5: California | B5: {=Input_Data!$B5:$J5*TRANSPOSE(Impact_Factors!$D$2:$D$10)} -> 501.65 | C5: 144.29 | D5: 71.06 | E5: 60.3911 | F5: 0.1548 | G5: 3616.8 | H5: 3985.8 | I5: 0 | J5: 0 | K5: =Input_Data!K5*State_Electricity_Factors!C5 -> 3638.2944
A6: Florida | B6: {=Input_Data!$B6:$J6*TRANSPOSE(Impact_Factors!$D$2:$D$10)} -> 1540.5 | C6: 214.9 | D6: 526.32 | E6: 295.8237 | F6: 0.1752 | G6: 4780.05 | H6: 4628.4 | I6: 0 | J6: 0 | K6: =Input_Data!K6*State_Electricity_Factors!C6 -> 3966.4734
A7: Georgia | B7: {=Input_Data!$B7:$J7*TRANSPOSE(Impact_Factors!$D$2:$D$10)} -> 1098.1 | C7: 92.1 | D7: 757.18 | E7: 557.9225 | F7: 0.1932 | G7: 4816.35 | H7: 2368.8 | I7: 0 | J7: 0 | K7: =Input_Data!K7*State_Electricity_Factors!C7 -> 5811.9783
A8: Kansas | B8: {=Input_Data!$B8:$J8*TRANSPOSE(Impact_Factors!$D$2:$D$10)} -> 1540.5 | C8: 214.9 | D8: 526.32 | E8: 295.8237 | F8: 0.1752 | G8: 4780.05 | H8: 4254.6 | I8: 0 | J8: 0 | K8: =Input_Data!K8*State_Electricity_Factors!C8 -> 8393.2441
A9: Louisiana | B9: {=Input_Data!$B9:$J9*TRANSPOSE(Impact_Factors!$D$2:$D$10)} -> 1508.9 | C9: 448.22 | D9: 580.72 | E9: 396.8558 | F9: 0.2088 | G9: 3870.9 | H9: 3460.8 | I9: 0 | J9: 0 | K9: =Input_Data!K9*State_Electricity_Factors!C9 -> 4820.6109
A10: Mississippi | B10: {=Input_Data!$B10:$J10*TRANSPOSE(Impact_Factors!$D$2:$D$10)} -> 1299.55 | C10: 429.8 | D10: 339.66 | E10: 407.836 | F10: 0.1824 | G10: 4809.2 | H10: 3255 | I10: 0 | J10: 0 | K10: =Input_Data!K10*State_Electricity_Factors!C10 -> 3906.3611
A11: Missouri | B11: {=Input_Data!$B11:$J11*TRANSPOSE(Impact_Factors!$D$2:$D$10)} -> 833.45 | C11: 279.37 | D11: 503.2 | E11: 348.5857 | F11: 0.2712 | G11: 4285.6 | H11: 3939.6 | I11: 0 | J11: 0 | K11: =Input_Data!K11*State_Electricity_Factors!C11 -> 7363.3591
A12: New Mexico | B12: {=Input_Data!$B12:$J12*TRANSPOSE(Impact_Factors!$D$2:$D$10)} -> 1540.5 | C12: 214.9 | D12: 526.32 | E12: 295.8237 | F12: 0.1752 | G12: 4780.05 | H12: 8395.8 | I12: 0 | J12: 0 | K12: =Input_Data!K12*State_Electricity_Factors!C12 -> 20030.845
A13: North Carolina | B13: {=Input_Data!$B13:$J13*TRANSPOSE(Impact_Factors!$D$2:$D$10)} -> 1303.5 | C13: 174.99 | D13: 372.64 | E13: 513.5026 | F13: 0.1776 | G13: 4105.75 | H13: 3171 | I13: 0 | J13: 0 | K13: =Input_Data!K13*State_Electricity_Factors!C13 -> 7235.9283
... A18: Virginia | B18: {=Input_Data!$B18:$J18*TRANSPOSE(Impact_Factors!$D$2:$D$10)} -> 1540.5 | C18: 214.9 | D18: 526.32 | E18: 295.8237 | F18: 0.1752 | G18: 4780.05 | H18: 2045.4 | I18: 0 | J18: 0 | K18: =Input_Data!K18*State_Electricity_Factors!C18 -> 5027.6568
A20: pro-electricity
A21: State | B21: Herbicides (MJ/1000kg lint) | C21: Insecticides (MJ /1000kg lint) | D21: Phosphoric Acid (MJ/1000kg lint) | E21: Potassium Oxide (MJ/1000kg lint) | F21: Calcium Carbonate (MJ/1000kg lint) | G21: N Fertilizer (MJ/1000kg lint) | H21: Diesel (MJ/1000kg lint) | I21: N2O Emission (MJ/1000kg lint) | J21: Irrigation Water (MJ/1000kg lint)_year 2023 surveyed | K21: Electricity (MJ /1000 kg cotton lint)
A22: Alabama | B22: {=Input_Data_Electrified!$B2:$J2*TRANSPOSE(Impact_Factors!$D$2:$D$10)} -> 1252.15 | C22: 85.96 | D22: 677.28 | E22: 549.2239 | F22: 0.1908 | G22: 5226.65 | H22: 0 | I22: 0 | J22: 0 | K22: =Input_Data_Electrified!K2*State_Electricity_Factors!C2 -> 4155.2365
A23: Arizona | B23: {=Input_Data_Electrified!$B3:$J3*TRANSPOSE(Impact_Factors!$D$2:$D$10)} -> 568.8 | C23: 55.26 | D23: 170.68 | E23: 7.9143 | F23: 0.0432 | G23: 5595.7 | H23: 0 | I23: 0 | J23: 0 | K23: =Input_Data_Electrified!K3*State_Electricity_Factors!C3 -> 11300.332
A24: Arkansas | B24: {=Input_Data_Electrified!$B4:$J4*TRANSPOSE(Impact_Factors!$D$2:$D$10)} -> 995.4 | C24: 368.4 | D24: 543.66 | E24: 432.5058 | F24: 0.2592 | G24: 5627.05 | H24: 0 | I24: 0 | J24: 0 | K24: =Input_Data_Electrified!K4*State_Electricity_Factors!C4 -> 6724.6101
A25: California | B25: {=Input_Data_Electrified!$B5:$J5*TRANSPOSE(Impact_Factors!$D$2:$D$10)} -> 501.65 | C25: 144.29 | D25: 71.06 | E25: 60.3911 | F25: 0.1548 | G25: 3616.8 | H25: 0 | I25: 0 | J25: 0 | K25: =Input_Data_Electrified!K5*State_Electricity_Factors!C5 -> 6283.6126
A26: Florida | B26: {=Input_Data_Electrified!$B6:$J6*TRANSPOSE(Impact_Factors!$D$2:$D$10)} -> 1540.5 | C26: 214.9 | D26: 526.32 | E26: 295.8237 | F26: 0.1752 | G26: 4780.05 | H26: 0 | I26: 0 | J26: 0 | K26: =Input_Data_Electrified!K6*State_Electricity_Factors!C6 -> 8119.4936
A27: Georgia | B27: {=Input_Data_Electrified!$B7:$J7*TRANSPOSE(Impact_Factors!$D$2:$D$10)} -> 1098.1 | C27: 92.1 | D27: 757.18 | E27: 557.9225 | F27: 0.1932 | G27: 4816.35 | H27: 0 | I27: 0 | J27: 0 | K27: =Input_Data_Electrified!K7*State_Electricity_Factors!C7 -> 7757.8775
A28: Kansas | B28: {=Input_Data_Electrified!$B8:$J8*TRANSPOSE(Impact_Factors!$D$2:$D$10)} -> 1540.5 | C28: 214.9 | D28: 526.32 | E28: 295.8237 | F28: 0.1752 | G28: 4780.05 | H28: 0 | I28: 0 | J28: 0 | K28: =Input_Data_Electrified!K8*State_Electricity_Factors!C8 -> 11583.078
A29: Louisiana | B29: {=Input_Data_Electrified!$B9:$J9*TRANSPOSE(Impact_Factors!$D$2:$D$10)} -> 1508.9 | C29: 448.22 | D29: 580.72 | E29: 396.8558 | F29: 0.2088 | G29: 3870.9 | H29: 0 | I29: 0 | J29: 0 | K29: =Input_Data_Electrified!K9*State_Electricity_Factors!C9 -> 8159.2178
A30: Mississippi | B30: {=Input_Data_Electrified!$B10:$J10*TRANSPOSE(Impact_Factors!$D$2:$D$10)} -> 1299.55 | C30: 429.8 | D30: 339.66 | E30: 407.836 | F30: 0.1824 | G30: 4809.2 | H30: 0 | I30: 0 | J30: 0 | K30: =Input_Data_Electrified!K10*State_Electricity_Factors!C10 -> 6766.72
A31: Missouri | B31: {=Input_Data_Electrified!$B11:$J11*TRANSPOSE(Impact_Factors!$D$2:$D$10)} -> 833.45 | C31: 279.37 | D31: 503.2 | E31: 348.5857 | F31: 0.2712 | G31: 4285.6 | H31: 0 | I31: 0 | J31: 0 | K31: =Input_Data_Electrified!K11*State_Electricity_Factors!C11 -> 11436.001
A32: New Mexico | B32: {=Input_Data_Electrified!$B12:$J12*TRANSPOSE(Impact_Factors!$D$2:$D$10)} -> 1540.5 | C32: 214.9 | D32: 526.32 | E32: 295.8237 | F32: 0.1752 | G32: 4780.05 | H32: 0 | I32: 0 | J32: 0 | K32: =Input_Data_Electrified!K12*State_Electricity_Factors!C12 -> 28492.653
A33: North Carolina | B33: {=Input_Data_Electrified!$B13:$J13*TRANSPOSE(Impact_Factors!$D$2:$D$10)} -> 1303.5 | C33: 174.99 | D33: 372.64 | E33: 513.5026 | F33: 0.1776 | G33: 4105.75 | H33: 0 | I33: 0 | J33: 0 | K33: =Input_Data_Electrified!K13*State_Electricity_Factors!C13 -> 9652.0258
... A38: Virginia | B38: {=Input_Data_Electrified!$B18:$J18*TRANSPOSE(Impact_Factors!$D$2:$D$10)} -> 1540.5 | C38: 214.9 | D38: 526.32 | E38: 295.8237 | F38: 0.1752 | G38: 4780.05 | H38: 0 | I38: 0 | J38: 0 | K38: =Input_Data_Electrified!K18*State_Electricity_Factors!C18 -> 6616.8681

Sheet Results_Water_Breakdown
A1: State | B1: Herbicides (L/1000kg lint) | C1: Insecticides (L/1000kg lint) | D1: Phosphoric Acid (L/1000kg lint) | E1: Potassium Oxide (L/1000kg lint) | F1: Calcium Carbonate (L/1000kg lint) | G1: N Fertilizer (L/1000kg lint) | H1: Diesel (L/1000kg lint) | I1: N2O Emission (L/1000kg lint) | J1: Irrigation Water (L/1000kg lint)_year 2023 surveyed | K1: Electricity (L /1000 kg cotton lint)
A2: Alabama | B2: {=Input_Data!$B2:$J2*TRANSPOSE(Impact_Factors!$E$2:$E$10)} -> 214.7358 | C2: 10.8948 | D2: 1466.5104 | E2: 761.8267 | F2: 0.1749 | G2: 1458.7105 | H2: 101.1 | I2: 0 | J2: 111785.91 | K2: =Input_Data!K2*State_Electricity_Factors!D2 -> 1012.6258
A3: Arizona | B3: {=Input_Data!$B3:$J3*TRANSPOSE(Impact_Factors!$E$2:$E$10)} -> 97.5456 | C3: 7.0038 | D3: 369.5724 | E3: 10.9779 | F3: 0.0396 | G3: 1561.709 | H3: 286.8 | I3: 0 | J3: 7132124.4 | K3: =Input_Data!K3*State_Electricity_Factors!D3 -> 2698.1095
A4: Arkansas | B4: {=Input_Data!$B4:$J4*TRANSPOSE(Impact_Factors!$E$2:$E$10)} -> 170.7048 | C4: 46.692 | D4: 1177.1838 | E4: 599.9274 | F4: 0.2376 | G4: 1570.4585 | H4: 213 | I4: 0 | J4: 1435741.7 | K4: =Input_Data!K4*State_Electricity_Factors!D4 -> 1099.9483
A5: California | B5: {=Input_Data!$B5:$J5*TRANSPOSE(Impact_Factors!$E$2:$E$10)} -> 86.0298 | C5: 18.2877 | D5: 153.8658 | E5: 83.7683 | F5: 0.1419 | G5: 1009.416 | H5: 284.7 | I5: 0 | J5: 5342918 | K5: =Input_Data!K5*State_Electricity_Factors!D5 -> 2572.8389
A6: Florida | B6: {=Input_Data!$B6:$J6*TRANSPOSE(Impact_Factors!$E$2:$E$10)} -> 264.186 | C6: 27.237 | D6: 1139.6376 | E6: 410.3361 | F6: 0.1606 | G6: 1334.0685 | H6: 330.6 | I6: 0 | J6: 344354.88 | K6: =Input_Data!K6*State_Electricity_Factors!D6 -> 497.78749
A7: Georgia | B7: {=Input_Data!$B7:$J7*TRANSPOSE(Impact_Factors!$E$2:$E$10)} -> 188.3172 | C7: 11.673 | D7: 1639.5174 | E7: 773.8925 | F7: 0.1771 | G7: 1344.1995 | H7: 169.2 | I7: 0 | J7: 446116.14 | K7: =Input_Data!K7*State_Electricity_Factors!D7 -> 1192.5067
A8: Kansas | B8: {=Input_Data!$B8:$J8*TRANSPOSE(Impact_Factors!$E$2:$E$10)} -> 264.186 | C8: 27.237 | D8: 1139.6376 | E8: 410.3361 | F8: 0.1606 | G8: 1334.0685 | H8: 303.9 | I8: 0 | J8: 480094.56 | K8: =Input_Data!K8*State_Electricity_Factors!D8 -> 1281.7908
A9: Louisiana | B9: {=Input_Data!$B9:$J9*TRANSPOSE(Impact_Factors!$E$2:$E$10)} -> 258.7668 | C9: 56.8086 | D9: 1257.4296 | E9: 550.4774 | F9: 0.1914 | G9: 1080.333 | H9: 247.2 | I9: 0 | J9: 444194.66 | K9: =Input_Data!K9*State_Electricity_Factors!D9 -> 688.54067
A10: Mississippi | B10: {=Input_Data!$B10:$J10*TRANSPOSE(Impact_Factors!$E$2:$E$10)} -> 222.8646 | C10: 54.474 | D10: 735.4638 | E10: 565.708 | F10: 0.1672 | G10: 1342.204 | H10: 232.5 | I10: 0 | J10: 463419.46 | K10: =Input_Data!K10*State_Electricity_Factors!D10 -> 457.7288
A11: Missouri | B11: {=Input_Data!$B11:$J11*TRANSPOSE(Impact_Factors!$E$2:$E$10)} -> 142.9314 | C11: 35.4081 | D11: 1089.576 | E11: 483.5221 | F11: 0.2486 | G11: 1196.072 | H11: 281.4 | I11: 0 | J11: 651568.59 | K11: =Input_Data!K11*State_Electricity_Factors!D11 -> 1425.6466
A12: New Mexico | B12: {=Input_Data!$B12:$J12*TRANSPOSE(Impact_Factors!$E$2:$E$10)} -> 264.186 | C12: 27.237 | D12: 1139.6376 | E12: 410.3361 | F12: 0.1606 | G12: 1334.0685 | H12: 599.7 | I12: 0 | J12: 3962167.3 | K12: =Input_Data!K12*State_Electricity_Factors!D12 -> 2743.9698
A13: North Carolina | B13: {=Input_Data!$B13:$J13*TRANSPOSE(Impact_Factors!$E$2:$E$10)} -> 223.542 | C13: 22.1787 | D13: 806.8752 | E13: 712.2778 | F13: 0.1628 | G13: 1145.8775 | H13: 226.5 | I13: 0 | J13: 28744.973 | K13: =Input_Data!K13*State_Electricity_Factors!D13 -> 1836.8226
... A18: Virginia | B18: {=Input_Data!$B18:$J18*TRANSPOSE(Impact_Factors!$E$2:$E$10)} -> 264.186 | C18: 27.237 | D18: 1139.6376 | E18: 410.3361 | F18: 0.1606 | G18: 1334.0685 | H18: 146.1 | I18: 0 | J18: 1703.3495 | K18: =Input_Data!K18*State_Electricity_Factors!D18 -> 976.15648
A20: pro-electricity
A21: State | B21: Herbicides (L/1000kg lint) | C21: Insecticides (L/1000kg lint) | D21: Phosphoric Acid (L/1000kg lint) | E21: Potassium Oxide (L/1000kg lint) | F21: Calcium Carbonate (L/1000kg lint) | G21: N Fertilizer (L/1000kg lint) | H21: Diesel (L/1000kg lint) | I21: N2O Emission (L/1000kg lint) | J21: Irrigation Water (L/1000kg lint)_year 2023 surveyed | K21: Electricity (L /1000 kg cotton lint)
A22: Alabama | B22: {=Input_Data_Electrified!$B2:$J2*TRANSPOSE(Impact_Factors!$E$2:$E$10)} -> 214.7358 | C22: 10.8948 | D22: 1466.5104 | E22: 761.8267 | F22: 0.1749 | G22: 1458.7105 | H22: 0 | I22: 0 | J22: 111785.91 | K22: =Input_Data_Electrified!K2*State_Electricity_Factors!D2 -> 1375.2246
A23: Arizona | B23: {=Input_Data_Electrified!$B3:$J3*TRANSPOSE(Impact_Factors!$E$2:$E$10)} -> 97.5456 | C23: 7.0038 | D23: 369.5724 | E23: 10.9779 | F23: 0.0396 | G23: 1561.709 | H23: 0 | I23: 0 | J23: 7132124.4 | K23: =Input_Data_Electrified!K3*State_Electricity_Factors!D3 -> 3728.8359
A24: Arkansas | B24: {=Input_Data_Electrified!$B4:$J4*TRANSPOSE(Impact_Factors!$E$2:$E$10)} -> 170.7048 | C24: 46.692 | D24: 1177.1838 | E24: 599.9274 | F24: 0.2376 | G24: 1570.4585 | H24: 0 | I24: 0 | J24: 1435741.7 | K24: =Input_Data_Electrified!K4*State_Electricity_Factors!D4 -> 1800.6495
A25: California | B25: {=Input_Data_Electrified!$B5:$J5*TRANSPOSE(Impact_Factors!$E$2:$E$10)} -> 86.0298 | C25: 18.2877 | D25: 153.8658 | E25: 83.7683 | F25: 0.1419 | G25: 1009.416 | H25: 0 | I25: 0 | J25: 5342918 | K25: =Input_Data_Electrified!K5*State_Electricity_Factors!D5 -> 4443.4895
A26: Florida | B26: {=Input_Data_Electrified!$B6:$J6*TRANSPOSE(Impact_Factors!$E$2:$E$10)} -> 264.186 | C26: 27.237 | D26: 1139.6376 | E26: 410.3361 | F26: 0.1606 | G26: 1334.0685 | H26: 0 | I26: 0 | J26: 344354.88 | K26: =Input_Data_Electrified!K6*State_Electricity_Factors!D6 -> 1018.9864
A27: Georgia | B27: {=Input_Data_Electrified!$B7:$J7*TRANSPOSE(Impact_Factors!$E$2:$E$10)} -> 188.3172 | C27: 11.673 | D27: 1639.5174 | E27: 773.8925 | F27: 0.1771 | G27: 1344.1995 | H27: 0 | I27: 0 | J27: 446116.14 | K27: =Input_Data_Electrified!K7*State_Electricity_Factors!D7 -> 1591.768
A28: Kansas | B28: {=Input_Data_Electrified!$B8:$J8*TRANSPOSE(Impact_Factors!$E$2:$E$10)} -> 264.186 | C28: 27.237 | D28: 1139.6376 | E28: 410.3361 | F28: 0.1606 | G28: 1334.0685 | H28: 0 | I28: 0 | J28: 480094.56 | K28: =Input_Data_Electrified!K8*State_Electricity_Factors!D8 -> 1768.9325
A29: Louisiana | B29: {=Input_Data_Electrified!$B9:$J9*TRANSPOSE(Impact_Factors!$E$2:$E$10)} -> 258.7668 | C29: 56.8086 | D29: 1257.4296 | E29: 550.4774 | F29: 0.1914 | G29: 1080.333 | H29: 0 | I29: 0 | J29: 444194.66 | K29: =Input_Data_Electrified!K9*State_Electricity_Factors!D9 -> 1165.4028
A30: Mississippi | B30: {=Input_Data_Electrified!$B10:$J10*TRANSPOSE(Impact_Factors!$E$2:$E$10)} -> 222.8646 | C30: 54.474 | D30: 735.4638 | E30: 565.708 | F30: 0.1672 | G30: 1342.204 | H30: 0 | I30: 0 | J30: 463419.46 | K30: =Input_Data_Electrified!K10*State_Electricity_Factors!D10 -> 792.89204
A31: Missouri | B31: {=Input_Data_Electrified!$B11:$J11*TRANSPOSE(Impact_Factors!$E$2:$E$10)} -> 142.9314 | C31: 35.4081 | D31: 1089.576 | E31: 483.5221 | F31: 0.2486 | G31: 1196.072 | H31: 0 | I31: 0 | J31: 651568.59 | K31: =Input_Data_Electrified!K11*State_Electricity_Factors!D11 -> 2214.1656
A32: New Mexico | B32: {=Input_Data_Electrified!$B12:$J12*TRANSPOSE(Impact_Factors!$E$2:$E$10)} -> 264.186 | C32: 27.237 | D32: 1139.6376 | E32: 410.3361 | F32: 0.1606 | G32: 1334.0685 | H32: 0 | I32: 0 | J32: 3962167.3 | K32: =Input_Data_Electrified!K12*State_Electricity_Factors!D12 -> 3903.1293
A33: North Carolina | B33: {=Input_Data_Electrified!$B13:$J13*TRANSPOSE(Impact_Factors!$E$2:$E$10)} -> 223.542 | C33: 22.1787 | D33: 806.8752 | E33: 712.2778 | F33: 0.1628 | G33: 1145.8775 | H33: 0 | I33: 0 | J33: 28744.973 | K33: =Input_Data_Electrified!K13*State_Electricity_Factors!D13 -> 2450.1431
... A38: Virginia | B38: {=Input_Data_Electrified!$B18:$J18*TRANSPOSE(Impact_Factors!$E$2:$E$10)} -> 264.186 | C38: 27.237 | D38: 1139.6376 | E38: 410.3361 | F38: 0.1606 | G38: 1334.0685 | H38: 0 | I38: 0 | J38: 1703.3495 | K38: =Input_Data_Electrified!K18*State_Electricity_Factors!D18 -> 1284.7135
